Segment,customers,total_clv,mean_clv,median_clv
VIP,58,2828288.926380646,48763.60217897665,24517.624305132915
Champions,550,2270575.939432783,4128.319889877787,3278.5178190326023
Loyal,1263,2153206.7766723046,1704.8351359242317,1221.4011114419363
Others,654,575706.0539460592,880.2844861560538,573.2942824930121
Potential Loyalists,525,553164.6474032635,1053.6469474347875,603.2531952704976
At Risk,361,228825.63154246027,633.8660153530756,472.4330606506315
Lost,681,152808.1962773137,224.3879534174944,167.2523309319323
About to Sleep,95,40870.43665420144,430.21512267580465,279.9744924302099
B2B/Wholesale,2,19055.238976524914,9527.619488262457,9527.619488262457
